type_obligation,date_emission,isin,Coupon,date_maturite,ytm,prix,benchmark,Pays,devise
US Treasury,19/02/2026,912810US5,0.0238,15/02/2056,0.025,97.933562,FED,USA,US
US Treasury,22/01/2026,91282CPU9,0.0188,15/01/2036,0.02,99.41326,FED,USA,US
US Treasury,23/10/2025,91282CPH8,0.0113,15/10/2030,0.012,99.726133,FED,USA,US
US Treasury,24/07/2025,91282CNS6,0.0188,15/07/2035,0.017,101.262744,FED,USA,US
US Treasury,17/04/2025,91282CNB3,0.0163,15/04/2030,0.017,99.634784,FED,USA,US
US Treasury,20/02/2025,912810UH9,0.0238,15/02/2055,0.024,99.403433,FED,USA,US
US Treasury,23/01/2025,91282CML2,0.0213,15/01/2035,0.024,97.89,FED,USA,US
US Treasury,24/10/2024,91282CLV1,0.0163,15/10/2029,0.015,100.33848,FED,USA,US
US Treasury,18/07/2024,91282CLE9,0.0188,15/07/2034,0.018,100.33848,FED,USA,US
US Treasury,18/04/2024,91282CKL4,0.0213,15/04/2029,0.024,98.804809,FED,USA,US
US Treasury,22/02/2024,912810TY4,0.0213,15/02/2054,0.022,99.473545,FED,USA,US
US Treasury,18/01/2024,91282CJY8,0.0175,15/01/2034,0.02,97.575406,FED,USA,US
US Treasury,19/10/2023,91282CJH5,0.0238,15/10/2028,0.022,100.56,FED,USA,US
US Treasury,20/07/2023,91282CHP9,0.0138,15/07/2033,0.014,99.95,FED,USA,US
US Treasury,20/04/2023,91282CGW5,0.0125,15/04/2028,0.015,98.87,FED,USA,US
US Treasury,16/02/2023,912810TP3,0.015,15/02/2053,0.016,97.96,FED,USA,US
US Treasury,19/01/2023,91282CGK1,0.0113,15/01/2033,0.013,98.98,FED,USA,US
US Treasury,20/10/2022,91282CFR7,0.0163,15/10/2027,-0.007,109.509314,FED,USA,US
US Treasury,21/07/2022,91282CEZ0,0.0063,15/07/2032,-0.007,112.84,FED,USA,US
US Treasury,21/04/2022,91282CEJ6,0.0013,15/04/2027,0.002,99.810964,FED,USA,US
US Treasury,17/02/2022,912810TE8,0.0013,15/02/2052,-0.002,108.871082,FED,USA,US
US Treasury,20/01/2022,91282CDX6,0.0013,15/01/2032,-0.011,111.642995,FED,USA,US
US Treasury,21/10/2021,91282CDC2,0.0013,15/10/2026,-0.004,102.328775,FED,USA,US
US Treasury,22/07/2021,91282CCM1,0.0013,15/07/2031,0.004,97.33974,FED,USA,US
US Treasury,22/04/2021,91282CCA7,0.0013,15/04/2026,0.031,88.91,FED,USA,US
US Treasury,18/02/2021,912810SV1,0.0013,15/02/2051,0.005,90.16,FED,USA,US
US Treasury,21/01/2021,91282CBF7,0.0013,15/01/2031,0.004,97.5,FED,USA,US
US Treasury,22/10/2020,91282CAQ4,0.0013,15/10/2025,0.007,97.69,FED,USA,US
US Treasury,23/07/2020,912828ZZ6,0.0013,15/07/2030,0.001,100.02,FED,USA,US
US Treasury,23/04/2020,912828ZJ2,0.0013,15/04/2025,0.005,98.71,FED,USA,US
US Treasury,20/02/2020,912810SM1,0.0025,15/02/2050,0.003,99.58,FED,USA,US
US Treasury,23/01/2020,912828Z37,0.0013,15/01/2030,0.0,100.8,FED,USA,US
US Treasury,17/10/2019,912828YL8,0.0013,15/10/2024,0.002,99.62,FED,USA,US
US Treasury,18/07/2019,9128287D6,0.0025,15/07/2029,-0.006,107.78,FED,USA,US
US Treasury,18/04/2019,9128286N5,0.005,15/04/2024,-0.011,106.38,FED,USA,US
US Treasury,21/02/2019,912810SG4,0.01,15/02/2049,0.01,99.58,FED,USA,US
US Treasury,17/01/2019,9128285W6,0.0088,15/01/2029,0.011,98.307,FED,USA,US
US Treasury,19/07/2018,912828Y38,0.0075,15/07/2028,0.008,99.482,FED,USA,US
US Treasury,19/04/2018,9128284H0,0.0063,15/04/2023,0.011,98.307,FED,USA,US
US Treasury,15/02/2018,912810SB5,0.01,15/02/2048,0.01,99.922358,FED,USA,US
US Treasury,18/01/2018,9128283R9,0.005,15/01/2028,0.006,99.535485,FED,USA,US
US Treasury,20/07/2017,9128282L3,0.0038,15/07/2027,0.004,99.726133,FED,USA,US
US Treasury,20/04/2017,912828X39,0.0013,15/04/2022,-0.002,101.262744,FED,USA,US
US Treasury,16/02/2017,912810RW0,0.0088,15/02/2047,0.009,99.634784,FED,USA,US
US Treasury,19/01/2017,912828V49,0.0038,15/01/2027,0.004,99.403433,FED,USA,US
US Treasury,21/07/2016,912828S50,0.0013,15/07/2026,0.004,97.89,FED,USA,US
US Treasury,21/04/2016,912828Q60,0.0013,15/04/2021,0.0,100.33848,FED,USA,US
US Treasury,18/02/2016,912810RR1,0.01,15/02/2046,0.01,100.33848,FED,USA,US
US Treasury,21/01/2016,912828N71,0.0063,15/01/2026,0.008,98.804809,FED,USA,US
US Treasury,23/07/2015,912828XL9,0.0038,15/07/2025,0.004,99.473545,FED,USA,US
US Treasury,23/04/2015,912828K33,0.0013,15/04/2020,0.007,97.575406,FED,USA,US
US Treasury,19/02/2015,912810RL4,0.0075,15/02/2045,0.007,100.56,FED,USA,US
US Treasury,22/01/2015,912828H45,0.0025,15/01/2025,0.003,99.95,FED,USA,US
US Treasury,24/07/2014,912828WU0,0.0013,15/07/2024,0.003,98.87,FED,USA,US
US Treasury,17/04/2014,912828C99,0.0013,15/04/2019,0.006,97.96,FED,USA,US
US Treasury,20/02/2014,912810RF7,0.0138,15/02/2044,0.014,98.98,FED,USA,US
US Treasury,23/01/2014,912828B25,0.0063,15/01/2024,-0.004,109.509314,FED,USA,US
US Treasury,18/07/2013,912828VM9,0.0038,15/07/2023,-0.01,112.84,FED,USA,US
US Treasury,18/04/2013,912828UX6,0.0013,15/04/2018,0.002,99.810964,FED,USA,US
US Treasury,21/02/2013,912810RA8,0.0063,15/02/2043,0.003,108.871082,FED,USA,US
US Treasury,24/01/2013,912828UH1,0.0013,15/01/2023,-0.011,111.642995,FED,USA,US
US Treasury,19/07/2012,912828TE0,0.0013,15/07/2022,-0.001,102.328775,FED,USA,US
US Treasury,19/04/2012,912828SQ4,0.0013,15/04/2017,0.008,97.33974,FED,USA,US
US Treasury,16/02/2012,912810QV3,0.0075,15/02/2042,0.012,88.91,FED,USA,US
US Treasury,19/01/2012,912828SA9,0.0013,15/01/2022,0.013,90.16,FED,USA,US
US Treasury,21/07/2011,912828QV5,0.0063,15/07/2021,0.009,97.5,FED,USA,US
US Treasury,21/04/2011,912828QD5,0.0013,15/04/2016,0.007,97.69,FED,USA,US
US Treasury,17/02/2011,912810QP6,0.0213,15/02/2041,0.021,100.02,FED,USA,US
US Treasury,20/01/2011,912828PP9,0.0113,15/01/2021,0.013,98.71,FED,USA,US
US Treasury,06/07/2011,912828NM8,0.0125,15/07/2020,0.004,99.58,FED,USA,US
US Treasury,26/04/2010,912828MY3,0.005,15/04/2015,0.003,100.8,FED,USA,US
US Treasury,22/02/2010,912810QF8,0.0213,15/02/2040,0.021,99.62,FED,USA,US
US Treasury,22/06/2010,912828MF4,0.0138,15/01/2020,0.004,107.78,FED,USA,US
US Treasury,10/05/2009,912828LA6,0.0188,15/07/2019,0.004,106.38,FED,USA,US
US Treasury,23/04/2009,912828KM1,0.0125,15/04/2014,0.014,99.58,FED,USA,US
US Treasury,26/01/2009,912810PZ5,0.025,15/01/2029,0.026,98.307,FED,USA,US
US Treasury,04/05/2008,912828JX9,0.0213,15/01/2019,0.004,99.482,FED,USA,US
US Treasury,28/03/2008,912828JE1,0.0138,15/07/2018,0.004,98.307,FED,USA,US
US Treasury,22/04/2008,912828HW3,0.0063,15/04/2013,-0.013,107.78,FED,USA,US
US Treasury,24/01/2008,912810PV4,0.0175,15/01/2028,0.018,99.58,FED,USA,US
US Treasury,22/03/2008,912828HN3,0.0163,15/01/2018,0.004,100.56,FED,USA,US
US Treasury,23/03/2006,912828GX2,0.0263,15/07/2017,0.004,98.307,FED,USA,US
US Treasury,24/04/2007,912828GN4,0.02,15/04/2012,0.021,99.58,FED,USA,US
US Treasury,23/01/2007,912810PS1,0.0238,15/01/2027,0.025,98.307,FED,USA,US
US Treasury,26/05/2007,912828GD6,0.0238,15/01/2017,0.004,99.58,FED,USA,US
US Treasury,13/07/2006,912828FL9,0.025,15/07/2016,0.027,98.307,FED,USA,US
US Treasury,25/04/2006,912828FB1,0.0238,15/04/2011,0.025,99.58,FED,USA,US
US Treasury,24/01/2006,912810FS2,0.02,15/01/2026,0.021,98.307,FED,USA,US
US Treasury,21/04/2005,912828ET3,0.02,15/01/2016,0.004,99.58,FED,USA,US
US Treasury,14/07/2005,912828EA4,0.0188,15/07/2015,0.021,98.307,FED,USA,US
US Treasury,13/01/2005,912828DH0,0.0163,15/01/2015,0.017,99.58,FED,USA,US
US Treasury,26/10/2004,912828CZ1,0.0088,15/04/2010,0.012,98.307,FED,USA,US
US Treasury,27/07/2004,912810FR4,0.0238,15/01/2025,0.024,99.58,FED,USA,US
US Treasury,06/02/2004,912828CP3,0.02,15/07/2014,0.004,98.307,FED,USA,US
US Treasury,31/01/2003,912828BW9,0.02,15/01/2014,0.004,99.58,FED,USA,US
US Treasury,12/03/2004,912828BD1,0.0188,15/07/2013,0.004,98.307,FED,USA,US
US Treasury,05/02/2004,912828AF7,0.03,15/07/2012,0.004,99.58,FED,USA,US
US Treasury,31/12/2002,9128277J5,0.0338,15/01/2012,0.004,98.307,FED,USA,US
US Treasury,15/03/2017,912810FQ6,0.0338,15/04/2032,0.004,99.58,FED,USA,US
US Treasury,05/03/2008,9128276R8,0.035,15/01/2011,0.004,98.307,FED,USA,US
US Treasury,30/01/2004,9128275W8,0.0425,15/01/2010,0.004,99.58,FED,USA,US
US Treasury,14/01/2008,912810FH6,0.0388,15/04/2029,0.004,98.307,FED,USA,US
US Treasury,12/12/2004,9128274Y5,0.0388,15/01/2009,0.004,99.58,FED,USA,US
US Treasury,11/12/2013,912810FD5,0.0363,15/04/2028,0.004,98.307,FED,USA,US
US Treasury,08/12/2001,9128273T7,0.0363,15/01/2008,0.004,99.58,FED,USA,US
US Treasury,19/01/1993,9128273A8,0.0363,15/07/2002,0.004,98.307,FED,USA,US
US Treasury,29/01/1997,9128272M3,0.0338,15/01/2007,0.034,99.58,FED,USA,US
Bund,01/04/2026,DE000BU27014,0.025,15/11/2032,0.025,100.24,BCA,DE,EUR
Green issue,07/04/2026,Inconu,0.0,16/11/2032,0.004,99.58,BCA,DE,EUR
Bund,08/04/2026,DE000BU2Z064,0.029,17/11/2032,0.03,99.41,BCA,DE,EUR
Bubill,13/04/2026,DE000BU0E345,0.0,18/11/2032,0.004,98.43908,BCA,DE,EUR
Bubill,13/04/2026,DE000BU0E402,0.0,19/11/2032,0.004,99.58,BCA,DE,EUR
Bobl,14/04/2026,DE000BU25067,0.025,20/11/2032,0.027,98.94,BCA,DE,EUR
Bund,15/04/2026,DE0001102572,0.0,21/11/2032,0.144,41.19,BCA,DE,EUR
Bund,15/04/2026,DE000BU2D012,0.029,22/11/2032,0.031,98.55,BCA,DE,EUR
Bubill,20/04/2026,DE000BU0E337,0.0,23/11/2032,0.004,98.07424,BCA,DE,EUR
Bubill,20/04/2026,DE000BU0E394,0.0,24/11/2032,0.004,99.58,BCA,DE,EUR
Schatz,21/04/2026,DE000BU22130,0.0,25/11/2032,0.004,99.58,BCA,DE,EUR
Bund,22/04/2026,DE000BU2T000,0.034,26/11/2032,0.004,99.58,BCA,DE,EUR
Bubill,04/05/2026,DE000BU0E329,0.0,27/11/2032,0.004,99.921,BCA,DE,EUR
Bubill,04/05/2026,DE000BU0E386,0.0,28/11/2032,0.004,98.11607,BCA,DE,EUR
Bubill,11/05/2026,DE000BU0E352,0.0,29/11/2032,0.004,99.58,BCA,DE,EUR
Bubill,11/05/2026,DE000BU0E410,0.0,30/11/2032,0.004,98.10348,BCA,DE,EUR
Bund,13/05/2026,DE000BU2D004,0.025,01/12/2032,0.004,99.58,BCA,DE,EUR
Bund,27/05/2026,DE000BU2F009,0.026,02/12/2032,0.004,99.58,BCA,DE,EUR
Bubill,15/06/2026,DE000BU0E378,0.0,03/12/2032,0.004,99.58,BCA,DE,EUR
Bubill,15/06/2026,DE000BU0E428,0.0,04/12/2032,0.004,99.58,BCA,DE,EUR
Bund,17/06/2026,DE0001102614,0.018,05/12/2032,0.004,99.58,BCA,DE,EUR
Bund,08/07/2026,DE000BU2Z072,0.0,06/12/2032,0.004,99.58,BCA,DE,EUR
Bubill,13/07/2026,DE000BU0E360,0.0,07/12/2032,0.004,99.58,BCA,DE,EUR
Bubill,13/07/2026,DE000BU0E436,0.0,08/12/2032,0.004,99.58,BCA,DE,EUR
Schatz,14/07/2026,DE000BU22148,0.0,09/12/2032,0.004,99.58,BCA,DE,EUR
Bobl,21/07/2026,DE000BU25075,0.0,10/12/2032,0.004,99.58,BCA,DE,EUR
Bubill,17/08/2026,DE000BU0E444,0.0,11/12/2032,0.004,99.58,BCA,DE,EUR
Bubill,14/09/2026,DE000BU0E451,0.0,12/12/2032,0.004,99.58,BCA,DE,EUR
Schatz,06/10/2026,DE000BU22155,0.0,13/12/2032,0.004,99.58,BCA,DE,EUR
Bund,07/10/2026,DE000BU27022,0.0,14/12/2032,0.004,99.58,BCA,DE,EUR
Bubill,12/10/2026,DE000BU0E469,0.0,15/12/2032,0.004,99.58,BCA,DE,EUR
Bubill,16/11/2026,DE000BU0E477,0.0,16/12/2032,0.004,99.58,BCA,DE,EUR
CORP,19/04/2022,M9887VAA4,0.005,27/09/2028,0.004,12.000007,FED,USA,US
CORP,15/01/2019,68245XAB5,0.04625,15/01/2022,0.046,100.0,FED,USA,US
CORP,19/04/2022,68245XAC3,0.0425,15/05/2024,0.029,101.07,FED,USA,US
CORP,19/04/2022,68245XAE9,0.05,15/10/2025,0.035,102.518,FED,USA,US
CORP,19/04/2022,68245XAH2,0.04375,15/01/2028,0.004,97.906,FED,USA,US
CORP,19/04/2022,C6900PAF6,0.0575,15/04/2025,0.058,99.99,FED,USA,US
CORP,19/04/2022,68245X4J8,0.04,15/10/2030,0.004,95.28125,FED,USA,US
CORP,19/04/2022,C6900PAG4,0.04,15/10/2030,0.004,99.58,FED,USA,US
CORP,19/04/2022,68245XAM1,0.04,15/10/2030,0.004,99.58,FED,USA,US
CORP,19/04/2022,C6900PAJ8,0.035,15/02/2029,0.004,96.091518,FED,USA,US
CORP,19/04/2022,68245XAM1,0.03875,15/01/2028,0.004,101.0,FED,USA,US
CORP,19/04/2022,C6900PAJ8,0.06125,15/06/2029,0.004,102.199,FED,USA,US
CORP,19/04/2022,68245XAN9,0.06125,15/06/2029,0.004,99.58,FED,USA,US
CORP,19/04/2022,C6900PAK5,0.066125,15/06/2029,0.004,102.203,FED,USA,US
CORP,19/04/2022,68245XAP4,0.05625,15/09/2029,0.004,100.64,FED,USA,US
CORP,19/04/2022,C6900PAL3,0.05625,15/09/2029,0.004,99.58,FED,USA,US
CORP,19/04/2022,C6900PAM1,0.03875,15/01/2028,0.004,98.297,FED,USA,US
CORP,19/04/2022,68245XAR0,0.03875,15/01/2028,0.052,97.875,FED,USA,US
CORP,19/04/2022,C6900PAN9,0.035,15/02/2029,0.051,95.875,FED,USA,US
CORP,19/04/2022,68245XAS8,0.04375,15/01/2028,0.004,98.808,FED,USA,US
CORP,19/04/2022,68245XAT6,0.04,15/10/2030,0.052,95.042,FED,USA,US
CORP,19/04/2022,C6900PAP4,0.05625,15/09/2029,0.052,100.9,FED,USA,US
CORP,19/04/2022,68215XAU3,0.0697,01/06/2027,0.004,100.0,FED,USA,US
CORP,19/04/2022,682942AA5,0.085,05/01/2026,0.118,99.524,FED,USA,US
CORP,19/04/2022,68252BAA5,0.1466,14/09/2028,0.004,103.25,FED,USA,US
CORP,19/04/2022,68302QAA2,0.1,15/04/2032,0.004,0.0,FED,USA,US
CORP,19/04/2022,68288AAA5,0.1,15/04/2032,0.091,103.0,FED,USA,US
CORP,19/04/2022,C6900QAA5,0.0,01/09/2060,0.004,0.0,FED,USA,US
CORP,19/04/2022,90117LAA2,0.0054,01/02/2023,0.004,100.0,FED,USA,US
CORP,19/04/2022,68240AAA2,0.0,01/09/2060,0.004,100.0,FED,USA,US
CORP,19/04/2022,68247YAA3,0.09,30/01/2028,0.093,99.18,FED,USA,US
CORP,19/04/2022,68251PAA5,0.09,30/01/2028,0.004,99.8,FED,USA,US
CORP,19/04/2022,C6887TAA6,0.0,01/10/2060,0.004,0.0,FED,USA,US
CORP,19/04/2022,351049AA9,0.0143,01/12/2052,0.004,100.0,FED,USA,US
CORP,19/04/2022,68247TAA4,0.0,01/12/2052,0.004,100.0,FED,USA,US
CORP,19/04/2022,68269GAB3,0.03,15/06/2025,0.03,99.94,FED,USA,US
CORP,04/03/2025,319716AA4,0.07,01/09/2030,0.004,99.0,FED,USA,US
CORP,19/04/2022,901857AB8,0.0831,15/09/2029,0.004,99.58,FED,USA,US
CORP,21/11/2023,90188CAA6,0.044,01/06/2045,0.004,99.58,FED,USA,US
CORP,19/04/2022,901928AA9,0.0574,15/02/2055,0.059,97.908,FED,USA,US
CORP,19/04/2022,90215BAA5,0.1612,10/01/2028,0.004,100.0,FED,USA,US
CORP,19/04/2022,90215BAB3,0.1576,08/01/2027,0.004,101.8,FED,USA,US
CORP,19/04/2022,90214NAA0,0.0,01/11/2036,0.004,100.0,FED,USA,US
CORP,19/04/2022,90138RAA4,0.0393,01/07/2041,0.004,0.0,FED,USA,US
T-bond,31/03/2026,Inconu,0.0,20/10/2031,0.025719599,100.13,BAM,Maroc,MAD
T-bond,31/03/2026,MA0002018960,0.029,14/05/2035,0.028833943,100.13,BAM,Maroc,MAD
T-bond,31/03/2026,Inconu,0.0305,16/07/2040,0.004,99.58,BAM,Maroc,MAD
T-bond,31/03/2026,MA0002019059,0.034,21/08/2045,0.004,99.58,BAM,Maroc,MAD
T-bond,31/03/2026,MA0002018986,0.038,14/02/2056,0.004,99.58,BAM,Maroc,MAD
T-bond,31/03/2026,Inconu,0.026,20/10/2031,0.025698049,100.14,BAM,Maroc,MAD
T-bond,31/03/2026,Inconu,0.029,14/05/2035,0.004,99.58,BAM,Maroc,MAD
T-bond,31/03/2026,Inconu,0.034,21/08/2045,0.004,99.58,BAM,Maroc,MAD
T-bond,31/03/2026,Inconu,0.038,14/02/2056,0.004,99.58,BAM,Maroc,MAD
T-bond,31/03/2026,Inconu,0.026,20/10/2031,0.026043179,99.98,BAM,Maroc,MAD
T-bond,31/03/2026,Inconu,0.029,14/05/2035,0.02902557,99.98,BAM,Maroc,MAD
T-bond,31/03/2026,Inconu,0.026,20/10/2031,0.025504213,100.23,BAM,Maroc,MAD
adju_LT,14/01/1999,FR0000571432,0.04,25/04/2009,0.0381,101.55,BCE,France,EUR
adju_LT,14/01/1999,FR0000571218,0.055,26/04/2009,0.0463,113.98,BCE,France,EUR
adju_MT,28/01/1999,FR0100802273,0.035,27/04/2009,0.0329,101.02,BCE,France,EUR
adju_I,11/02/1999,FR0000571424,0.03,28/04/2009,0.0301,99.91,BCE,France,EUR
adju_MT,25/02/1999,FR0100059536,0.04,29/04/2009,0.0299,101.33,BCE,France,EUR
adju_MT,25/03/1999,FR0100877812,0.03,30/04/2009,0.03,99.99,BCE,France,EUR
adju_LT,08/04/1999,FR0000570673,0.0,01/05/2009,0.004,99.06,BCE,France,EUR
adju_LT,12/05/1999,FR0000186199,0.04,02/05/2009,0.0408,99.32,BCE,France,EUR
adju_LT,09/09/1999,FR0000570731,0.065,03/05/2009,0.052,111.07,BCE,France,EUR
adju_LT,14/10/1999,FR0000570491,0.0725,04/05/2009,0.048,113.4,BCE,France,EUR
adju_MT,28/10/1999,FR0101465831,0.04,05/05/2009,0.0424,99.5,BCE,France,EUR
adju_MT,27/01/2000,FR0101659813,0.05,06/05/2009,0.0517,99.19,BCE,France,EUR
adju_LT,08/02/2000,FR0000186603,0.055,07/05/2009,0.0562,99.05,BCE,France,EUR
adju_LT,07/03/2000,FR0000570665,0.085,08/05/2009,0.0551,120.07,BCE,France,EUR
adju_I,11/04/2000,FR0000186413,0.034,09/05/2009,0.0372,94.28,BCE,France,EUR
adju_MT,27/06/2000,FR0100059593,0.045,10/05/2009,0.05,99.04,BCE,France,EUR
adju_MT,22/08/2000,FR0102325695,0.05,11/05/2009,0.0527,99.37,BCE,France,EUR
adju_LT,12/09/2000,FR0000187023,0.055,12/05/2009,0.0544,100.46,BCE,France,EUR
adju_MT,24/10/2000,FR0102626779,0.05,13/05/2009,0.0513,99.41,BCE,France,EUR
adju_LT,06/02/2001,FR0000187361,0.05,14/05/2009,0.0518,98.02,BCE,France,EUR
adju_MT,24/04/2001,FR0103230423,0.045,15/05/2009,0.0463,99.4,BCE,France,EUR
adju_LT,12/06/2001,FR0000187635,0.0575,16/05/2009,0.0578,99.53,BCE,France,EUR
adju_MT,26/06/2001,FR0100059601,0.045,17/05/2009,0.0425,100.48,BCE,France,EUR
adju_LT,11/09/2001,FR0000187874,0.05,18/05/2009,0.0507,99.45,BCE,France,EUR
adju_MT,25/09/2001,FR0103536092,0.04,19/05/2009,0.036,100.85,BCE,France,EUR
adju_MT,27/11/2001,FR0103840098,0.0375,20/05/2009,0.0422,97.87,BCE,France,EUR
adju_I,15/01/2002,FR0000188013,0.03,21/05/2009,0.0325,97.83,BCE,France,EUR
adju_LT,12/03/2002,FR0000188328,0.05,22/05/2009,0.0524,98.14,BCE,France,EUR
adju_MT,21/05/2002,FR0104446556,0.0475,23/05/2009,0.0494,99.16,BCE,France,EUR
adju_LT,10/09/2002,FR0000188690,0.0475,24/05/2009,0.0451,101.91,BCE,France,EUR
adju_MT,24/09/2002,FR0104756962,0.035,25/05/2009,0.0328,100.47,BCE,France,EUR
adju_I,14/01/2003,FR0000188799,0.0315,26/05/2009,0.027,109.0,BCE,France,EUR
adju_MT,28/01/2003,FR0105427795,0.035,27/05/2009,0.0338,100.55,BCE,France,EUR
adju_I,11/02/2003,FR0000188955,0.025,28/05/2009,0.0218,102.98,BCE,France,EUR
adju_LT,11/03/2003,FR0000188989,0.04,29/05/2009,0.0395,100.42,BCE,France,EUR
adju_LT,10/06/2003,FR0000189151,0.0425,30/05/2009,0.0426,99.85,BCE,France,EUR
adju_MT,24/06/2003,FR0105760112,0.03,31/05/2009,0.0293,100.32,BCE,France,EUR
adju_LT,09/09/2003,FR0010011130,0.04,01/06/2009,0.0442,96.63,BCE,France,EUR
adju_MT,27/01/2004,FR0106589437,0.035,02/06/2009,0.0337,100.56,BCE,France,EUR
adju_I,24/02/2004,FR0010050559,0.0225,03/06/2009,0.0231,99.23,BCE,France,EUR
adju_LT,09/03/2004,FR0010061242,0.04,04/06/2009,0.0416,98.68,BCE,France,EUR
adju_MT,23/03/2004,FR0106589445,0.0225,05/06/2009,0.0217,100.16,BCE,France,EUR
adju_LT,06/04/2004,FR0010070060,0.0475,06/06/2009,0.0478,99.54,BCE,France,EUR
adju_MT,22/06/2004,FR0106841887,0.035,07/06/2009,0.0374,98.9,BCE,France,EUR
adju_I,22/06/2004,FR0010094375,0.016,08/06/2009,0.0181,98.59,BCE,France,EUR
adju_LT,07/09/2004,FR0010112052,0.04,09/06/2009,0.0409,99.25,BCE,France,EUR
adju_MT,23/11/2004,FR0107369672,0.03,10/06/2009,0.0311,99.49,BCE,France,EUR
adju_I,23/11/2004,FR0010135525,0.016,11/06/2009,0.0157,100.32,BCE,France,EUR
adju_LT,08/02/2005,FR0010163543,0.035,12/06/2009,0.036,99.16,BCE,France,EUR
adju_MT,22/02/2005,FR0107489959,0.0225,13/06/2009,0.0248,99.54,BCE,France,EUR
adju_LT,10/05/2005,FR0010192997,0.0375,14/06/2009,0.0376,99.92,BCE,France,EUR
adju_MT,21/06/2005,FR0107674006,0.025,15/06/2009,0.0277,98.75,BCE,France,EUR
adju_LT,12/07/2005,FR0010216481,0.03,16/06/2009,0.0326,97.78,BCE,France,EUR
adju_LT,12/07/2005,FR0010171975,0.04,17/06/2009,0.0377,105.02,BCE,France,EUR
adju_I,20/09/2005,FR0010235176,0.01,18/06/2009,0.0112,98.72,BCE,France,EUR
adju_MT,22/11/2005,FR0108197569,0.0275,19/06/2009,0.0277,99.95,BCE,France,EUR
adju_MT,24/01/2006,FR0108354806,0.03,20/06/2009,0.0308,99.63,BCE,France,EUR
adju_LT,07/02/2006,FR0010288357,0.0325,21/06/2009,0.0354,97.55,BCE,France,EUR
adju_I,25/04/2006,FR0108664055,0.0125,22/06/2009,0.0136,99.53,BCE,France,EUR
adju_MT,20/06/2006,FR0108847049,0.035,23/06/2009,0.037,99.07,BCE,France,EUR
adju_MT,25/07/2006,FR0109136137,0.035,24/06/2009,0.0361,99.77,BCE,France,EUR
adju_LT,12/09/2006,FR0010371401,0.04,25/06/2009,0.041,98.25,BCE,France,EUR
adju_LT,09/01/2007,FR0010415331,0.0375,26/06/2009,0.0397,98.14,BCE,France,EUR
adju_MT,23/01/2007,FR0109970386,0.0375,27/06/2009,0.0402,98.8,BCE,France,EUR
adju_MT,24/04/2007,FR0110979178,0.04,28/06/2009,0.0411,99.74,BCE,France,EUR
adju_LT,09/05/2007,FR0010466938,0.0425,29/06/2009,0.0439,98.36,BCE,France,EUR
adju_MT,26/06/2007,FR0110979186,0.045,30/06/2009,0.0464,99.37,BCE,France,EUR
adju_LT,11/09/2007,FR0010517417,0.0425,01/07/2009,0.0435,99.17,BCE,France,EUR
adju_I,25/09/2007,FR0010447367,0.018,02/07/2009,0.0225,89.72,BCE,France,EUR
adju_LT,09/10/2007,FR0000571150,0.06,03/07/2009,0.046,116.96,BCE,France,EUR
adju_MT,22/01/2008,FR0113087466,0.0375,04/07/2009,0.0379,99.82,BCE,France,EUR
adju_LT,08/04/2008,FR0010604983,0.04,05/07/2009,0.0424,98.1,BCE,France,EUR
adju_MT,20/05/2008,FR0113872776,0.0375,06/07/2009,0.0411,99.2,BCE,France,EUR
adju_I,24/06/2008,FR0010585901,0.021,07/07/2009,0.0248,95.32,BCE,France,EUR
adju_MT,22/07/2008,FR0114683842,0.045,08/07/2009,0.0461,99.51,BCE,France,EUR
adju_LT,07/10/2008,FR0010670737,0.0425,09/07/2009,0.0443,98.55,BCE,France,EUR
adju_MT,27/01/2009,FR0116114978,0.025,10/07/2009,0.0294,97.99,BCE,France,EUR
adju_MT,26/05/2009,FR0116843519,0.015,11/07/2009,0.0166,99.64,BCE,France,EUR
adju_MT,23/06/2009,FR0116843535,0.03,12/07/2009,0.0298,100.11,BCE,France,EUR
adju_LT,07/07/2009,FR0010776161,0.0375,13/07/2009,0.0382,99.37,BCE,France,EUR
adju_LT,10/11/2009,FR0010773192,0.045,14/07/2009,0.043,103.33,BCE,France,EUR
adju_MT,26/01/2010,FR0117836652,0.025,15/07/2009,0.0249,100.03,BCE,France,EUR
adju_I,26/01/2010,FR0010850032,0.013,16/07/2009,0.0141,99.01,BCE,France,EUR
adju_LT,09/02/2010,FR0010854182,0.035,17/07/2009,0.0358,99.3,BCE,France,EUR
adju_MT,25/05/2010,FR0118153370,0.0075,18/07/2009,0.0073,100.04,BCE,France,EUR
adju_I,25/05/2010,FR0010899765,0.011,19/07/2009,0.0134,97.27,BCE,France,EUR
adju_MT,22/06/2010,FR0118462128,0.02,20/07/2009,0.021,99.52,BCE,France,EUR
adju_LT,06/07/2010,FR0010916924,0.035,21/07/2009,0.0354,99.47,BCE,France,EUR
adju_LT,12/10/2010,FR0010949651,0.025,22/07/2009,0.0268,98.42,BCE,France,EUR
adju_LT,09/11/2010,FR0010870956,0.04,23/07/2009,0.0334,115.96,BCE,France,EUR
adju_MT,25/01/2011,FR0119105809,0.0225,24/07/2009,0.0254,98.62,BCE,France,EUR
adju_I,25/01/2011,FR0119105791,0.0045,25/07/2009,0.0055,99.48,BCE,France,EUR
adju_MT,24/05/2011,FR0119580019,0.02,26/07/2009,0.0204,99.9,BCE,France,EUR
adju_I,24/05/2011,FR0011008705,0.0185,27/07/2009,0.0157,103.96,BCE,France,EUR
adju_LT,07/06/2011,FR0011059088,0.0325,28/07/2009,0.035,97.88,BCE,France,EUR
adju_MT,21/06/2011,FR0119580050,0.025,29/07/2009,0.0261,99.47,BCE,France,EUR
adju_LT,07/02/2012,FR0011196856,0.03,30/07/2009,0.0313,98.9,BCE,France,EUR
adju_MT,21/02/2012,FR0120473253,0.0175,31/07/2009,0.0193,99.13,BCE,France,EUR
adju_MT,24/04/2012,FR0120634490,0.0075,01/08/2009,0.0085,99.77,BCE,France,EUR
adju_I,24/04/2012,FR0011237643,0.0025,02/08/2009,0.0054,98.24,BCE,France,EUR
adju_MT,24/07/2012,FR0120746609,0.01,03/08/2009,0.0086,100.68,BCE,France,EUR
adju_LT,11/09/2012,FR0011317783,0.0275,04/08/2009,0.0285,98.82,BCE,France,EUR
adju_LT,09/10/2012,FR0011337880,0.0225,05/08/2009,0.0228,99.75,BCE,France,EUR
adju_I,23/10/2012,FR0011347046,0.001,06/08/2009,-0.0004,101.2,BCE,France,EUR
adju_MT,22/01/2013,FR0011394345,0.01,07/08/2009,0.0106,99.71,BCE,France,EUR
adju_I,26/02/2013,FR0011427848,0.0025,08/08/2009,0.0054,96.81,BCE,France,EUR
adju_MT,26/03/2013,FR0011452721,0.0025,09/08/2009,0.0032,99.81,BCE,France,EUR
adju_LT,07/05/2013,FR0011486067,0.0175,10/08/2009,0.0181,99.45,BCE,France,EUR
adju_MT,25/06/2013,FR0011523257,0.01,11/08/2009,0.0124,98.72,BCE,France,EUR
adju_LT,10/09/2013,FR0011461037,0.0325,12/08/2009,0.036,93.37,BCE,France,EUR
adju_LT,12/11/2013,FR0011619436,0.0225,13/08/2009,0.0241,98.5,BCE,France,EUR
adju_MT,28/01/2014,FR0011708080,0.01,14/08/2009,0.0124,98.76,BCE,France,EUR
adju_MT,23/04/2014,FR0011857218,0.0025,15/08/2009,0.0032,99.81,BCE,France,EUR
adju_LT,06/05/2014,FR0011883966,0.025,16/08/2009,0.0264,98.18,BCE,France,EUR
adju_LT,10/06/2014,FR0011962398,0.0175,17/08/2009,0.0196,98.01,BCE,France,EUR
adju_MT,24/06/2014,FR0011993179,0.005,18/08/2009,0.0069,99.02,BCE,France,EUR
adju_I,20/10/2014,FR0011982776,0.007,19/08/2009,0.0051,102.84,BCE,France,EUR
adju_LT,09/02/2015,FR0012517027,0.005,20/08/2009,0.0061,98.87,BCE,France,EUR
adju_MT,23/02/2015,FR0012557957,0.0,21/08/2009,0.001,99.46,BCE,France,EUR
adju_I,23/02/2015,FR0012558310,0.001,22/08/2009,-0.0037,104.8,BCE,France,EUR
adju_MT,23/03/2015,FR0012634558,0.0,23/08/2009,-0.0011,100.33,BCE,France,EUR
adju_LT,07/09/2015,FR0012938116,0.01,24/08/2009,0.0121,98.02,BCE,France,EUR
adju_MT,21/09/2015,FR0012968337,0.0025,25/08/2009,0.0031,99.67,BCE,France,EUR
adju_LT,05/10/2015,FR0012993103,0.015,26/08/2009,0.0149,100.09,BCE,France,EUR
adju_MT,25/01/2016,FR0013101466,0.0,27/08/2009,-0.002,100.61,BCE,France,EUR
adju_LT,07/03/2016,FR0013131877,0.005,28/08/2009,0.0063,98.69,BCE,France,EUR
adju_I,21/03/2016,FR0013140035,0.001,29/08/2009,-0.0085,104.8,BCE,France,EUR
adju_MT,25/04/2016,FR0013157096,0.0,30/08/2009,-0.0015,100.74,BCE,France,EUR
adju_LT,11/07/2016,FR0013154044,0.0125,31/08/2009,0.0073,109.62,BCE,France,EUR
adju_LT,05/09/2016,FR0013200813,0.0025,01/09/2009,0.0026,99.94,BCE,France,EUR
adju_LT,10/10/2016,FR0013154028,0.0175,02/09/2009,0.0143,111.14,BCE,France,EUR
adju_MT,21/11/2016,FR0013219177,0.0,03/09/2009,-0.0003,100.15,BCE,France,EUR
adju_I,21/11/2016,FR0013209871,0.001,04/09/2009,0.0002,102.44,BCE,France,EUR
adju_MT,23/01/2017,FR0013232485,0.0,05/09/2009,-0.0043,101.33,BCE,France,EUR
adju_I,20/02/2017,FR0013238268,0.001,06/09/2009,-0.0027,104.18,BCE,France,EUR
adju_LT,10/04/2017,FR0013250560,0.01,07/09/2009,0.0097,100.29,BCE,France,EUR
adju_LT,05/06/2017,FR0013234333,0.0175,08/09/2009,0.0151,104.44,BCE,France,EUR
adju_LT,10/07/2017,FR0013257524,0.02,09/09/2009,0.0187,103.01,BCE,France,EUR
adju_MT,25/09/2017,FR0013283686,0.0,10/09/2009,0.0,100.0,BCE,France,EUR
adju_LT,09/10/2017,FR0013286192,0.0075,11/09/2009,0.0088,98.64,BCE,France,EUR
adju_MT,22/01/2018,FR0013311016,0.0,12/09/2009,-0.0024,100.75,BCE,France,EUR
adju_LT,05/02/2018,FR0013313582,0.0125,13/09/2009,0.0133,98.79,BCE,France,EUR
adju_LT,11/06/2018,FR0013341682,0.0075,14/09/2009,0.009,98.49,BCE,France,EUR
adju_MT,25/06/2018,FR0013344751,0.0,15/09/2009,0.0003,99.85,BCE,France,EUR
adju_I,24/09/2018,FR0013327491,0.001,16/09/2009,-0.0028,107.0,BCE,France,EUR
adju_MT,28/01/2019,FR0013398583,0.0,17/09/2009,-0.0035,101.09,BCE,France,EUR
adju_LT,11/03/2019,FR0013407236,0.005,18/09/2009,0.0057,99.32,BCE,France,EUR
adju_I,25/03/2019,FR0013410552,0.001,19/09/2009,-0.0081,109.48,BCE,France,EUR
adju_LT,08/04/2019,FR0013404969,0.015,20/09/2009,0.0146,101.1,BCE,France,EUR
adju_MT,24/04/2019,FR0013415627,0.0,21/09/2009,-0.0008,100.48,BCE,France,EUR
adju_LT,07/10/2019,FR0013451507,0.0,22/09/2009,-0.0024,102.48,BCE,France,EUR
adju_MT,27/01/2020,FR0013479102,0.0,23/09/2009,-0.0053,101.65,BCE,France,EUR
adju_LT,09/03/2020,FR0013480613,0.0075,24/09/2009,0.0045,108.98,BCE,France,EUR
adju_MT,20/04/2020,FR0013508470,0.0,25/09/2009,-0.0016,100.95,BCE,France,EUR
adju_LT,08/06/2020,FR0013516549,0.0,26/09/2009,0.0007,99.22,BCE,France,EUR
adju_I,22/06/2020,FR0013519253,0.001,27/09/2009,-0.008,105.27,BCE,France,EUR
adju_LT,05/10/2020,FR0013515806,0.005,28/09/2009,0.0017,106.39,BCE,France,EUR
adju_I,19/10/2020,FR0013524014,0.001,29/09/2009,-0.0091,116.81,BCE,France,EUR
adju_MT,25/01/2021,FR0014001N46,0.0,30/09/2009,-0.0066,102.06,BCE,France,EUR
adju_I,25/01/2021,FR0014001N38,0.001,01/10/2009,-0.0144,117.55,BCE,France,EUR
adju_LT,12/04/2021,FR0014002WK3,0.0,02/10/2009,0.0,99.97,BCE,France,EUR
adju_MT,26/04/2021,FR0014003513,0.0,03/10/2009,-0.0036,102.15,BCE,France,EUR
adju_I,24/05/2021,FR0014003N51,0.001,04/10/2009,-0.0101,112.68,BCE,France,EUR
adju_LT,07/06/2021,FR0014002JM6,0.005,05/10/2009,0.0074,94.91,BCE,France,EUR
adju_LT,07/06/2021,FR0014001NN8,0.005,06/10/2009,0.0111,76.22,BCE,France,EUR
adju_LT,11/10/2021,FR0014004J31,0.0075,07/10/2009,0.0096,94.19,BCE,France,EUR
adju_LT,10/01/2022,FR0014007L00,0.0,08/10/2009,0.003,96.98,BCE,France,EUR
adju_MT,24/01/2022,FR0014007TY9,0.0,09/10/2009,-0.0035,101.1,BCE,France,EUR
adju_I,21/03/2022,FR0014008181,0.001,10/10/2009,-0.0098,139.84,BCE,France,EUR
adju_LT,11/04/2022,FR0014009O62,0.0125,11/10/2009,0.0142,97.58,BCE,France,EUR
adju_MT,23/05/2022,FR001400AIN5,0.0075,12/10/2009,0.0106,98.25,BCE,France,EUR
adju_LT,11/07/2022,FR001400BKZ3,0.02,13/10/2009,0.0192,100.71,BCE,France,EUR
adju_I,19/09/2022,FR001400AQH0,0.001,14/10/2009,0.0015,99.27,BCE,France,EUR
adju_MT,20/02/2023,FR001400FYQ4,0.025,15/10/2009,0.0282,98.9,BCE,France,EUR
adju_LT,12/04/2023,FR001400H7V7,0.03,16/10/2009,0.027,102.64,BCE,France,EUR
adju_LT,12/04/2023,FR001400CMX2,0.025,17/10/2009,0.0306,91.64,BCE,France,EUR
adju_LT,12/04/2023,FR001400FTH3,0.03,18/10/2009,0.0312,97.69,BCE,France,EUR
adju_MT,24/04/2023,FR001400HI98,0.0275,19/10/2009,0.0288,99.29,BCE,France,EUR
adju_I,24/07/2023,FR001400JI88,0.006,20/10/2009,0.0065,99.44,BCE,France,EUR
adju_LT,09/10/2023,FR001400L834,0.035,21/10/2009,0.0356,99.48,BCE,France,EUR
adju_MT,22/01/2024,FR001400NBC6,0.025,22/10/2009,0.0256,99.79,BCE,France,EUR
adju_LT,08/04/2024,FR001400OHF4,0.0325,23/10/2009,0.0338,97.49,BCE,France,EUR
adju_MT,22/04/2024,FR00140PM68,0.0275,24/10/2009,0.0279,99.78,BCE,France,EUR
adju_I,22/04/2024,FR001400IKW5,0.0055,25/10/2009,0.0084,96.0,BCE,France,EUR
adju_MT,20/05/2024,FR001400PM68,0.0275,26/10/2009,0.0277,99.9,BCE,France,EUR
adju_LT,10/06/2024,FR001400QMF9,0.03,27/10/2009,0.0305,99.51,BCE,France,EUR
adju_LT,07/10/2024,FR001400NEF3,0.03,28/10/2009,0.0342,93.06,BCE,France,EUR
adju_LT,10/02/2025,FR001400X8V5,0.032,29/10/2009,0.0315,100.47,BCE,France,EUR
adju_MT,24/02/2025,FR001400XLW2,0.024,30/10/2009,0.0257,99.41,BCE,France,EUR
adju_I,24/02/2025,FR001400QCA1,0.0095,31/10/2009,0.0141,92.51,BCE,France,EUR
adju_LT,07/04/2025,FR001400XJJ3,0.0375,01/11/2009,0.0404,94.84,BCE,France,EUR
adju_MT,23/04/2025,FR001400Z2L7,0.027,02/11/2009,0.0273,99.83,BCE,France,EUR
adju_LT,07/07/2025,FR001400WYO4,0.036,03/11/2009,0.0372,98.46,BCE,France,EUR
adju_LT,08/09/2025,FR0014012II5,0.035,04/11/2009,0.0357,99.38,BCE,France,EUR
adju_MT,23/02/2026,FR0014016G71,0.024,05/11/2009,0.024,100.0,BCE,France,EUR
adju_LT,09/03/2026,FR0014015MU5,0.041,06/11/2009,0.0404,100.87,BCE,France,EUR
Treasury Gilt ,19/04/2022,GB00BF0HZ991,0.0075,31/12/2023,0.004,99.58,BOE,UK,GBP
Treasury Gilt ,19/04/2022,GB00B7Z53659,0.0225,01/01/2023,0.004,99.58,BOE,UK,GBP
Treasury Gilt ,22/01/2021,GB00BMGR2791,0.00125,01/01/2024,-0.025,100.45,BOE,UK,GBP
Treasury Gilt ,19/04/2022,GB00BFWFPL34,0.01,01/01/2024,0.004,99.58,BOE,UK,GBP
Treasury Gilt ,19/04/2022,GB00BHBFH458,0.0275,31/12/2024,0.004,99.58,BOE,UK,GBP
Treasury Gilt ,02/07/2021,GB00BLPK7110,0.0025,31/12/2025,0.28,99.89,BOE,UK,GBP
Treasury Stock ,19/04/2022,GB0030880693,0.05,31/12/2025,0.004,99.58,BOE,UK,GBP
Treasury Gilt ,19/04/2022,GB00BK5CVX03,0.00625,01/01/2025,0.004,99.58,BOE,UK,GBP
Treasury Gilt ,19/04/2022,GB00BTHH2R79,0.02,01/01/2025,0.004,99.58,BOE,UK,GBP
Treasury Gilt ,18/01/2023,GB00BPCJD880,0.035,01/01/2025,3.633,99.65,BOE,UK,GBP
Treasury Gilt ,03/02/2021,GB00BL68HJ26,0.00125,01/01/2026,0.039,100.42,BOE,UK,GBP
Treasury Gilt ,19/04/2022,GB00BYZW3G56,0.015,31/12/2026,0.004,99.58,BOE,UK,GBP
Treasury Gilt ,03/03/2021,GB00BNNGP668,0.00375,01/01/2026,0.453,99.56,BOE,UK,GBP
Treasury Gilt ,13/10/2022,GB00BL6C7720,0.04125,01/01/2027,4.799,97.41,BOE,UK,GBP
Treasury Gilt ,11/01/2024,GB00BPSNB460,0.0375,31/12/2027,3.886,99.59,BOE,UK,GBP
Treasury Gilt ,19/04/2022,GB00BDRHNP05,0.0125,31/12/2027,0.004,99.58,BOE,UK,GBP
Treasury Gilt ,19/04/2022,GB00B16NNR78,0.0425,01/01/2027,0.004,99.58,BOE,UK,GBP
Treasury Gilt ,13/01/2021,GB00BMBL1G81,0.00125,31/12/2028,0.176,99.64,BOE,UK,GBP
Treasury Gilt ,14/11/2024,GB00BSQNRC93,0.04375,31/12/2028,4.498,99.62,BOE,UK,GBP
Treasury Gilt ,21/06/2023,GB00BMF9LG83,0.045,01/01/2028,4.931,98.12,BOE,UK,GBP
Treasury Gilt ,19/04/2022,GB00BFX0ZL78,0.01625,31/12/2028,0.004,99.58,BOE,UK,GBP
Treasury Stock ,19/04/2022,GB0002404191,0.06,31/12/2028,0.004,99.58,BOE,UK,GBP
Treasury Gilt ,02/09/2021,GB00BLPK7227,0.005,01/01/2029,0.575,99.45,BOE,UK,GBP
Treasury Gilt ,09/10/2025,GB00BVP99566,0.04,01/01/2029,4.094,99.67,BOE,UK,GBP
Treasury Gilt ,01/05/2024,GB00BQC82B83,0.04125,31/12/2029,4.25,99.42,BOE,UK,GBP
Treasury Gilt ,19/04/2022,GB00BJMHB534,0.00875,01/01/2029,0.004,99.58,BOE,UK,GBP
Treasury Gilt ,09/01/2025,GB00BSQNRD01,0.04375,01/01/2030,4.49,99.46,BOE,UK,GBP
Treasury Gilt ,19/04/2022,GB00BL68HH02,0.00375,01/01/2030,0.004,99.58,BOE,UK,GBP
Treasury Gilt ,19/04/2022,GB00B24FF097,0.0475,31/12/2030,0.004,99.58,BOE,UK,GBP
Treasury Gilt ,24/10/2025,GB00BVP99673,0.04125,31/12/2031,4.004,100.58,BOE,UK,GBP
Treasury Gilt ,07/01/2021,GB00BMGR2809,0.0025,31/12/2031,0.331,99.15,BOE,UK,GBP
Treasury Gilt ,29/02/2024,GB00BPSNBF73,0.04,31/12/2031,4.084,99.44,BOE,UK,GBP
Treasury Gilt ,02/12/2021,GB00BM8Z2T38,0.01,31/12/2032,0.917,100.79,BOE,UK,GBP
Treasury Stock ,19/04/2022,GB0004893086,0.0425,31/12/2032,0.004,99.58,BOE,UK,GBP
Treasury Gilt ,11/01/2023,GB00BMV7TC88,0.0325,01/01/2033,3.697,96.27,BOE,UK,GBP
Treasury Gilt ,30/10/2025,GB00BVP99780,0.04125,31/12/2033,4.191,99.58,BOE,UK,GBP
Green Gilt ,22/09/2021,GB00BM8Z2S21,0.00875,31/12/2033,0.872,100.03,BOE,UK,GBP
Treasury Gilt ,12/10/2023,GB00BPJJKN53,0.04625,31/12/2034,4.443,101.49,BOE,UK,GBP
Treasury Gilt ,12/06/2024,GB00BQC82C90,0.0425,31/12/2034,4.343,99.23,BOE,UK,GBP
Treasury Gilt ,19/04/2022,GB00B52WS153,0.045,31/12/2034,0.004,99.58,BOE,UK,GBP
Treasury Gilt ,12/02/2025,GB00BT7J0027,0.045,31/12/2035,4.536,99.7,BOE,UK,GBP
Treasury Gilt ,27/01/2021,GB00BMGR2916,0.00625,01/01/2035,0.613,100.15,BOE,UK,GBP
Treasury Gilt ,03/09/2025,GB00BTXS1K06,0.0475,01/01/2035,4.878,98.97,BOE,UK,GBP
Treasury Stock ,19/04/2022,GB0032452392,0.0425,01/01/2036,0.004,99.58,BOE,UK,GBP
Green Gilt ,11/03/2026,GB00BVP99905,0.04625,01/01/2037,4.716,99.22,BOE,UK,GBP
Treasury Gilt ,19/04/2022,GB00BZB26Y51,0.0175,01/01/2037,0.004,99.58,BOE,UK,GBP
Treasury Gilt ,09/11/2022,GB00BQC4R999,0.0375,01/01/2038,4.075,96.33,BOE,UK,GBP
Treasury Stock ,19/04/2022,GB00B00NY175,0.0475,01/01/2038,0.004,99.58,BOE,UK,GBP
Treasury Gilt ,14/07/2021,GB00BLPK7334,0.01125,31/12/2039,1.085,100.62,BOE,UK,GBP
Treasury Gilt ,19/04/2022,GB00B3KJDS62,0.0425,01/01/2039,0.004,99.58,BOE,UK,GBP
Treasury Gilt ,04/09/2024,GB00BQC82D08,0.04375,01/01/2040,4.343,100.35,BOE,UK,GBP
Treasury Gilt ,19/04/2022,GB00B6460505,0.0425,01/01/2040,0.004,99.58,BOE,UK,GBP
Treasury Gilt ,15/10/2025,GB00BVP99897,0.0525,01/01/2041,5.096,101.62,BOE,UK,GBP
Treasury Gilt ,11/02/2021,GB00BJQWYH73,0.0125,31/12/2041,0.987,104.9,BOE,UK,GBP
Treasury Gilt ,19/04/2022,GB00B1VWPJ53,0.045,31/12/2042,0.004,99.58,BOE,UK,GBP
Treasury Gilt ,16/11/2023,GB00BPJJKP77,0.0475,31/12/2043,4.635,101.48,BOE,UK,GBP
Treasury Gilt ,19/04/2022,GB00B84Z9V04,0.0325,01/01/2044,0.004,99.58,BOE,UK,GBP
Treasury Gilt ,19/04/2022,GB00BN65R313,0.035,31/12/2045,0.004,99.58,BOE,UK,GBP
Treasury Gilt ,20/01/2021,GB00BNNGP775,0.00875,01/01/2046,0.867,100.17,BOE,UK,GBP
Treasury Gilt ,19/04/2022,GB00B128DP45,0.0425,01/01/2046,0.004,99.58,BOE,UK,GBP
Treasury Gilt ,19/04/2022,GB00BDCHBW80,0.015,31/12/2047,0.004,99.58,BOE,UK,GBP
Treasury Gilt ,24/03/2021,GB00BFWFPP71,0.0175,31/12/2049,1.294,110.61,BOE,UK,GBP
Treasury Gilt ,19/04/2022,GB00B39R3707,0.0425,31/12/2049,0.004,99.58,BOE,UK,GBP
Treasury Gilt ,27/01/2021,GB00BMBL1F74,0.00625,31/12/2050,0.836,94.44,BOE,UK,GBP
Treasury Gilt ,28/04/2021,GB00BLH38158,0.0125,31/12/2051,1.311,98.46,BOE,UK,GBP
Treasury Gilt ,19/04/2022,GB00B6RNH572,0.0375,31/12/2052,0.004,99.58,BOE,UK,GBP
Green Gilt ,22/10/2021,GB00BM8Z2V59,0.015,01/01/2053,1.413,102.21,BOE,UK,GBP
Treasury Gilt ,25/01/2023,GB00BPCJD997,0.0375,01/01/2053,3.723,100.49,BOE,UK,GBP
Treasury Gilt ,24/01/2024,GB00BPSNBB36,0.04375,01/01/2054,4.569,96.8,BOE,UK,GBP
Treasury Gilt ,13/01/2021,GB00BJLR0J16,0.01625,01/01/2054,0.889,121.41,BOE,UK,GBP
Treasury Gilt ,19/04/2022,GB00B06YGN05,0.0425,01/01/2055,0.004,99.58,BOE,UK,GBP
Treasury Gilt ,21/05/2025,GB00BT7J0241,0.05375,31/12/2056,5.404,99.56,BOE,UK,GBP
Treasury Gilt ,17/02/2021,GB00BD0XH204,0.0175,31/12/2057,1.132,118.4,BOE,UK,GBP
Treasury Gilt ,19/04/2022,GB00B54QLM75,0.04,01/01/2060,0.004,99.58,BOE,UK,GBP
Treasury Gilt ,03/03/2021,GB00BMBL1D50,0.005,31/12/2061,1.26,75.86,BOE,UK,GBP
Treasury Gilt ,17/05/2023,GB00BMF9LF76,0.04,01/01/2063,4.119,97.66,BOE,UK,GBP
Treasury Gilt ,19/04/2022,GB00BYYMZX75,0.025,31/12/2065,0.004,99.58,BOE,UK,GBP
Treasury Gilt ,19/04/2022,GB00BBJNQY21,0.035,01/01/2068,0.004,99.58,BOE,UK,GBP
Treasury Gilt ,03/02/2021,GB00BFMCN652,0.01625,01/01/2071,0.741,137.29,BOE,UK,GBP
Treasury Gilt ,09/02/2022,GB00BLBDX619,0.01125,01/01/2073,1.287,93.89,BOE,UK,GBP
Index-linked Treasury Gilt ,28/01/2021,GB00BNNGP551,0.00125,31/12/2031,-2.819,136.42,BOE,UK,GBP
Index-linked Treasury Gilt ,28/06/2023,GB00BMF9LJ15,0.0075,01/01/2033,0.601,101.49,BOE,UK,GBP
Index-linked Treasury Gilt ,29/01/2025,GB00BT7HZZ68,0.01125,31/12/2035,1.127,99.97,BOE,UK,GBP
Index-linked Treasury Gilt ,11/06/2025,GB00BMY62Z61,0.0175,31/12/2038,1.744,100.06,BOE,UK,GBP
Index-linked Treasury Gilt ,26/05/2021,GB00BLH38265,0.00125,01/01/2039,-2.244,152.29,BOE,UK,GBP
Index-linked Treasury Gilt ,27/04/2023,GB00BMF9LH90,0.00625,01/01/2045,0.654,99.4,BOE,UK,GBP
Index-linked Treasury Gilt ,12/03/2025,GB00BT7J0134,0.01875,31/12/2049,2.023,97.14,BOE,UK,GBP
Index-linked Treasury Gilt ,10/02/2021,GB00BNNGP882,0.00125,31/12/2051,-2.023,189.69,BOE,UK,GBP
Index-linked Treasury Gilt ,21/11/2025,GB00B73ZYW09,0.0025,01/01/2052,2.349,99.58,BOE,UK,GBP
Index-linked Treasury Gilt ,14/03/2024,GB00BPSNBG80,0.0125,01/01/2054,1.234,100.39,BOE,UK,GBP
Index-Linked Treasury Gilt ,25/03/2021,GB00BYVP4K94,0.00125,01/01/2056,-1.971,209.21,BOE,UK,GBP
Index-linked Treasury Gilt ,14/01/2021,GB00BD9MZZ71,0.00125,31/12/2065,-1.98,253.3,BOE,UK,GBP
Index-linked Treasury Gilt ,24/11/2021,GB00BM8Z2W66,0.00125,31/12/2073,-2.388,355.94,BOE,UK,GBP
JGB,20/11/2007,Inconu,0.024,20/03/2048,0.02435,99.1,BOJ,Japon,JPY
JGB,16/05/2008,Inconu,0.024,20/03/2048,0.0257,95.77,BOJ,Japon,JPY
JGB,12/11/2008,Inconu,0.024,20/03/2048,0.02445,98.87,BOJ,Japon,JPY
JGB,20/02/2009,Inconu,0.024,20/03/2048,0.0204,109.66,BOJ,Japon,JPY
JGB,19/05/2009,Inconu,0.022,20/03/2049,0.0222,99.47,BOJ,Japon,JPY
JGB,10/07/2009,Inconu,0.022,20/03/2049,0.02255,98.56,BOJ,Japon,JPY
JGB,13/11/2009,Inconu,0.022,20/03/2049,0.0233,96.66,BOJ,Japon,JPY
JGB,19/01/2010,Inconu,0.022,20/03/2049,0.0233,96.67,BOJ,Japon,JPY
JGB,18/05/2010,Inconu,0.022,20/03/2050,0.0221,99.73,BOJ,Japon,JPY
JGB,10/08/2010,Inconu,0.022,20/03/2050,0.01825,110.54,BOJ,Japon,JPY
JGB,12/11/2010,Inconu,0.022,20/03/2050,0.02055,103.9,BOJ,Japon,JPY
JGB,14/02/2011,Inconu,0.022,20/03/2050,0.0224,98.96,BOJ,Japon,JPY
JGB,20/05/2011,Inconu,0.022,20/03/2051,0.02225,99.34,BOJ,Japon,JPY
JGB,12/08/2011,Inconu,0.022,20/03/2051,0.0232,96.9,BOJ,Japon,JPY
JGB,15/11/2011,Inconu,0.022,20/03/2051,0.0217,100.79,BOJ,Japon,JPY
JGB,14/02/2012,Inconu,0.022,20/03/2051,0.0214,101.58,BOJ,Japon,JPY
JGB,17/05/2012,Inconu,0.02,20/03/2052,0.0204,98.91,BOJ,Japon,JPY
JGB,09/08/2012,Inconu,0.02,20/03/2052,0.02035,99.05,BOJ,Japon,JPY
JGB,12/11/2012,Inconu,0.02,20/03/2052,0.02115,96.94,BOJ,Japon,JPY
JGB,15/02/2013,Inconu,0.02,20/03/2052,0.0212,96.82,BOJ,Japon,JPY
JGB,23/05/2013,Inconu,0.019,20/03/2053,0.01955,98.48,BOJ,Japon,JPY
JGB,22/08/2013,Inconu,0.019,20/03/2053,0.0192,99.45,BOJ,Japon,JPY
JGB,28/11/2013,Inconu,0.019,20/03/2053,0.0176,103.96,BOJ,Japon,JPY
JGB,27/02/2014,Inconu,0.019,20/03/2053,0.01725,104.96,BOJ,Japon,JPY
JGB,29/05/2014,Inconu,0.017,20/03/2054,0.0179,97.44,BOJ,Japon,JPY
JGB,28/08/2014,Inconu,0.017,20/03/2054,0.0176,98.29,BOJ,Japon,JPY
JGB,28/11/2014,Inconu,0.017,20/03/2054,0.01585,103.35,BOJ,Japon,JPY
JGB,26/02/2015,Inconu,0.017,20/03/2054,0.0155,104.38,BOJ,Japon,JPY
JGB,27/04/2015,Inconu,0.014,20/03/2055,0.0147,97.89,BOJ,Japon,JPY
JGB,22/06/2015,Inconu,0.014,20/03/2055,0.0159,94.42,BOJ,Japon,JPY
JGB,27/08/2015,Inconu,0.014,20/03/2055,0.01535,96.01,BOJ,Japon,JPY
JGB,29/10/2015,Inconu,0.014,20/03/2055,0.01475,97.76,BOJ,Japon,JPY
JGB,25/02/2016,Inconu,0.014,20/03/2055,0.0113,108.51,BOJ,Japon,JPY
JGB,30/05/2016,Inconu,0.004,20/03/2056,0.004,100.0,BOJ,Japon,JPY
JGB,28/07/2016,Inconu,0.004,20/03/2056,0.00345,102.04,BOJ,Japon,JPY
JGB,29/09/2016,Inconu,0.004,20/03/2056,0.0056,94.34,BOJ,Japon,JPY
JGB,29/11/2016,Inconu,0.004,20/03/2056,0.00725,88.9,BOJ,Japon,JPY
JGB,26/01/2017,Inconu,0.004,20/03/2056,0.00865,84.59,BOJ,Japon,JPY
JGB,24/03/2017,Inconu,0.004,20/03/2056,0.00935,82.55,BOJ,Japon,JPY
JGB,29/05/2017,Inconu,0.009,20/03/2057,0.00965,97.86,BOJ,Japon,JPY
JGB,27/07/2017,Inconu,0.009,20/03/2057,0.01045,95.3,BOJ,Japon,JPY
JGB,28/09/2017,Inconu,0.009,20/03/2057,0.01015,96.27,BOJ,Japon,JPY
JGB,30/11/2017,Inconu,0.009,20/03/2057,0.01005,96.6,BOJ,Japon,JPY
JGB,16/01/2018,Inconu,0.009,20/03/2057,0.00985,97.24,BOJ,Japon,JPY
JGB,29/03/2018,Inconu,0.009,20/03/2057,0.00885,100.49,BOJ,Japon,JPY
JGB,30/05/2018,Inconu,0.008,20/03/2058,0.00865,97.81,BOJ,Japon,JPY
JGB,25/07/2018,Inconu,0.008,20/03/2058,0.0088,97.33,BOJ,Japon,JPY
JGB,27/09/2018,Inconu,0.008,20/03/2058,0.01025,92.71,BOJ,Japon,JPY
JGB,28/11/2018,Inconu,0.008,20/03/2058,0.0094,95.41,BOJ,Japon,JPY
JGB,30/01/2019,Inconu,0.008,20/03/2058,0.0074,102.04,BOJ,Japon,JPY
JGB,27/03/2019,Inconu,0.008,20/03/2058,0.0061,106.58,BOJ,Japon,JPY
JGB,29/05/2019,Inconu,0.005,20/03/2059,0.00535,98.75,BOJ,Japon,JPY
JGB,24/07/2019,Inconu,0.005,20/03/2059,0.00425,102.73,BOJ,Japon,JPY
JGB,26/09/2019,Inconu,0.005,20/03/2059,0.00435,102.36,BOJ,Japon,JPY
JGB,27/11/2019,Inconu,0.005,20/03/2059,0.0046,101.44,BOJ,Japon,JPY
JGB,29/01/2020,Inconu,0.005,20/03/2059,0.004,103.62,BOJ,Japon,JPY
JGB,27/03/2020,Inconu,0.005,20/03/2059,0.0045,101.79,BOJ,Japon,JPY
JGB,27/05/2020,Inconu,0.005,20/03/2060,0.00505,99.82,BOJ,Japon,JPY
JGB,29/07/2020,Inconu,0.005,20/03/2060,0.00575,97.34,BOJ,Japon,JPY
JGB,25/09/2020,Inconu,0.005,20/03/2060,0.0061,96.15,BOJ,Japon,JPY
JGB,26/11/2020,Inconu,0.005,20/03/2060,0.00665,94.3,BOJ,Japon,JPY
JGB,27/01/2021,Inconu,0.005,20/03/2060,0.00685,93.66,BOJ,Japon,JPY
JGB,26/03/2021,Inconu,0.005,20/03/2060,0.00675,94.01,BOJ,Japon,JPY
JGB,28/05/2021,Inconu,0.007,20/03/2061,0.0071,99.65,BOJ,Japon,JPY
JGB,28/07/2021,Inconu,0.007,20/03/2061,0.00735,98.8,BOJ,Japon,JPY
JGB,29/09/2021,Inconu,0.007,20/03/2061,0.0077,97.62,BOJ,Japon,JPY
JGB,26/11/2021,Inconu,0.007,20/03/2061,0.00725,99.15,BOJ,Japon,JPY
JGB,26/01/2022,Inconu,0.007,20/03/2061,0.0076,97.97,BOJ,Japon,JPY
JGB,30/03/2022,Inconu,0.007,20/03/2061,0.01095,87.5,BOJ,Japon,JPY
JGB,27/05/2022,Inconu,0.01,20/03/2062,0.0107,97.74,BOJ,Japon,JPY
JGB,27/07/2022,Inconu,0.01,20/03/2062,0.01345,89.43,BOJ,Japon,JPY
JGB,28/09/2022,Inconu,0.01,20/03/2062,0.0152,84.61,BOJ,Japon,JPY
JGB,28/11/2022,Inconu,0.01,20/03/2062,0.0158,83.06,BOJ,Japon,JPY
JGB,27/01/2023,Inconu,0.01,20/03/2062,0.01625,81.95,BOJ,Japon,JPY
JGB,29/03/2023,Inconu,0.01,20/03/2062,0.01465,86.23,BOJ,Japon,JPY
JGB,26/05/2023,Inconu,0.013,20/03/2063,0.01385,97.4,BOJ,Japon,JPY
JGB,26/07/2023,Inconu,0.013,20/03/2063,0.01465,95.05,BOJ,Japon,JPY
JGB,27/09/2023,Inconu,0.013,20/03/2063,0.01725,87.87,BOJ,Japon,JPY
JGB,29/11/2023,Inconu,0.013,20/03/2063,0.0181,85.7,BOJ,Japon,JPY
JGB,26/01/2024,Inconu,0.013,20/03/2063,0.01925,82.87,BOJ,Japon,JPY
JGB,28/03/2024,Inconu,0.013,20/03/2063,0.01905,83.41,BOJ,Japon,JPY
JGB,23/05/2024,Inconu,0.022,20/03/2064,0.0227,98.17,BOJ,Japon,JPY
JGB,25/07/2024,Inconu,0.022,20/03/2064,0.0242,94.41,BOJ,Japon,JPY
JGB,27/09/2024,Inconu,0.022,20/03/2064,0.0234,96.4,BOJ,Japon,JPY
JGB,28/11/2024,Inconu,0.022,20/03/2064,0.0255,91.34,BOJ,Japon,JPY
JGB,22/01/2025,Inconu,0.022,20/03/2064,0.0257,90.9,BOJ,Japon,JPY
JGB,28/03/2025,Inconu,0.022,20/03/2064,0.0271,87.77,BOJ,Japon,JPY
JGB,29/05/2025,Inconu,0.031,20/03/2065,0.03135,99.2,BOJ,Japon,JPY
JGB,24/07/2025,Inconu,0.031,20/03/2065,0.03375,94.01,BOJ,Japon,JPY
JGB,26/09/2025,Inconu,0.031,20/03/2065,0.033,95.6,BOJ,Japon,JPY
JGB,27/11/2025,Inconu,0.031,20/03/2065,0.03555,90.4,BOJ,Japon,JPY
JGB,29/01/2026,Inconu,0.031,20/03/2065,0.0372,87.27,BOJ,Japon,JPY
